{"cameraMode":{"drawMode":0,"name":"Shaded","section":"Shading Mode"},"sceneLighting":false,"audioPlay":false,"sceneViewState":{"m_AlwaysRefresh":false,"showFog":true,"showSkybox":false,"showFlares":true,"showImageEffects":true,"showParticleSystems":true,"showVisualEffectGraphs":true,"m_FxEnabled":true},"in2DMode":false,"pivot":{"x":-0.3237655460834503,"y":0.9190560579299927,"z":-0.16414183378219605},"rotation":{"x":0.08415038883686066,"y":0.16954633593559266,"z":-0.01453165989369154,"w":0.981815755367279},"size":1.409178376197815,"orthographic":false}